[{"id":"user-image-c06ef856d0f52ff349f74f90eda2379c3f04aa0929da4ce51287198f419350d7f009d277f935dfbc87bb7a370c8f752f68e08d57b368cd66f5d8ca_1280.jpg","publicUrl":"np://user.desktop.nicepage.com/Site_48799373/images/c06ef856d0f52ff349f74f90eda2379c3f04aa0929da4ce51287198f419350d7f009d277f935dfbc87bb7a370c8f752f68e08d57b368cd66f5d8ca_1280.jpg","size":227104,"fileName":"c06ef856d0f52ff349f74f90eda2379c3f04aa0929da4ce51287198f419350d7f009d277f935dfbc87bb7a370c8f752f68e08d57b368cd66f5d8ca_1280.jpg","name":"c06ef856d0f52ff349f74f90eda2379c3f04aa0929da4ce51287198f419350d7f009d277f935dfbc87bb7a370c8f752f68e08d57b368cd66f5d8ca_1280","width":1280,"height":960,"thumbnail":{"url":"np://user.desktop.nicepage.com/Site_48799373/images/thumbnails/c06ef856d0f52ff349f74f90eda2379c3f04aa0929da4ce51287198f419350d7f009d277f935dfbc87bb7a370c8f752f68e08d57b368cd66f5d8ca_1280.jpg","width":250,"height":188}},{"id":"user-image-545682.png","publicUrl":"np://user.desktop.nicepage.com/Site_48799373/images/545682.png","size":755,"fileName":"545682.png","name":"545682","width":128,"height":128,"thumbnail":{"url":"np://user.desktop.nicepage.com/Site_48799373/images/thumbnails/545682.png","width":128,"height":128,"length":755}},{"id":"user-image-0199343d16fc5dbefeb0bbbca5133a7a82e5ee2a090e97326e9f985429486993a82d507d97b98bc99001ba29cd64f75f0e6877ffdb1a5763ea4600_1280.jpg","publicUrl":"np://user.desktop.nicepage.com/Site_48799373/images/0199343d16fc5dbefeb0bbbca5133a7a82e5ee2a090e97326e9f985429486993a82d507d97b98bc99001ba29cd64f75f0e6877ffdb1a5763ea4600_1280.jpg","size":203536,"fileName":"0199343d16fc5dbefeb0bbbca5133a7a82e5ee2a090e97326e9f985429486993a82d507d97b98bc99001ba29cd64f75f0e6877ffdb1a5763ea4600_1280.jpg","name":"0199343d16fc5dbefeb0bbbca5133a7a82e5ee2a090e97326e9f985429486993a82d507d97b98bc99001ba29cd64f75f0e6877ffdb1a5763ea4600_1280","width":1280,"height":640,"thumbnail":{"url":"np://user.desktop.nicepage.com/Site_48799373/images/thumbnails/0199343d16fc5dbefeb0bbbca5133a7a82e5ee2a090e97326e9f985429486993a82d507d97b98bc99001ba29cd64f75f0e6877ffdb1a5763ea4600_1280.jpg","width":250,"height":125}},{"id":"user-image-a1822d57c27ef518aadbd41a18457f2ae851b07139c5bb6d3390214d694e4af7f3c183aea5c748aca38b6316b7d7fa7dbc6302805cdc1e7ffeadb3_1280.png","publicUrl":"np://user.desktop.nicepage.com/Site_48799373/images/a1822d57c27ef518aadbd41a18457f2ae851b07139c5bb6d3390214d694e4af7f3c183aea5c748aca38b6316b7d7fa7dbc6302805cdc1e7ffeadb3_1280.png","size":36073,"fileName":"a1822d57c27ef518aadbd41a18457f2ae851b07139c5bb6d3390214d694e4af7f3c183aea5c748aca38b6316b7d7fa7dbc6302805cdc1e7ffeadb3_1280.png","name":"a1822d57c27ef518aadbd41a18457f2ae851b07139c5bb6d3390214d694e4af7f3c183aea5c748aca38b6316b7d7fa7dbc6302805cdc1e7ffeadb3_1280","width":1280,"height":1280,"thumbnail":{"url":"np://user.desktop.nicepage.com/Site_48799373/images/thumbnails/a1822d57c27ef518aadbd41a18457f2ae851b07139c5bb6d3390214d694e4af7f3c183aea5c748aca38b6316b7d7fa7dbc6302805cdc1e7ffeadb3_1280.png","width":250,"height":250}},{"id":"user-image-1384031.png","publicUrl":"np://user.desktop.nicepage.com/Site_48799373/images/1384031.png","size":3714,"fileName":"1384031.png","name":"1384031","width":128,"height":128,"thumbnail":{"url":"np://user.desktop.nicepage.com/Site_48799373/images/thumbnails/1384031.png","width":128,"height":128,"length":3714}},{"id":"user-image-702814.png","publicUrl":"np://user.desktop.nicepage.com/Site_48799373/images/702814.png","size":4564,"fileName":"702814.png","name":"702814","width":128,"height":128,"thumbnail":{"url":"np://user.desktop.nicepage.com/Site_48799373/images/thumbnails/702814.png","width":128,"height":128,"length":4564}},{"id":"user-image-2099199.png","publicUrl":"np://user.desktop.nicepage.com/Site_48799373/images/2099199.png","size":1306,"fileName":"2099199.png","name":"2099199","width":128,"height":128,"thumbnail":{"url":"np://user.desktop.nicepage.com/Site_48799373/images/thumbnails/2099199.png","width":128,"height":128,"length":1306}},{"id":"user-image-7746178.png","publicUrl":"np://user.desktop.nicepage.com/Site_48799373/images/7746178.png","size":3114,"fileName":"7746178.png","name":"7746178","width":128,"height":128,"thumbnail":{"url":"np://user.desktop.nicepage.com/Site_48799373/images/thumbnails/7746178.png","width":128,"height":128,"length":3114}},{"id":"user-image-Screenshot_1.png","publicUrl":"np://user.desktop.nicepage.com/Site_48799373/images/Screenshot_1.png","size":7534,"fileName":"Screenshot_1.png","name":"Screenshot_1","width":275,"height":183,"thumbnail":{"url":"np://user.desktop.nicepage.com/Site_48799373/images/thumbnails/Screenshot_1.png","width":250,"height":166}},{"id":"user-image-Screenshot_2.png","publicUrl":"np://user.desktop.nicepage.com/Site_48799373/images/Screenshot_2.png","size":94809,"fileName":"Screenshot_2.png","name":"Screenshot_2","width":298,"height":232,"thumbnail":{"url":"np://user.desktop.nicepage.com/Site_48799373/images/thumbnails/Screenshot_2.png","width":250,"height":195}},{"id":"user-image-Screenshot_3.png","publicUrl":"np://user.desktop.nicepage.com/Site_48799373/images/Screenshot_3.png","size":74623,"fileName":"Screenshot_3.png","name":"Screenshot_3","width":296,"height":234,"thumbnail":{"url":"np://user.desktop.nicepage.com/Site_48799373/images/thumbnails/Screenshot_3.png","width":250,"height":198}},{"id":"user-image-Screenshot_4.png","publicUrl":"np://user.desktop.nicepage.com/Site_48799373/images/Screenshot_4.png","size":46494,"fileName":"Screenshot_4.png","name":"Screenshot_4","width":294,"height":229,"thumbnail":{"url":"np://user.desktop.nicepage.com/Site_48799373/images/thumbnails/Screenshot_4.png","width":250,"height":195}},{"id":"user-image-Screenshot_5.png","publicUrl":"np://user.desktop.nicepage.com/Site_48799373/images/Screenshot_5.png","size":210410,"fileName":"Screenshot_5.png","name":"Screenshot_5","width":295,"height":465,"thumbnail":{"url":"np://user.desktop.nicepage.com/Site_48799373/images/thumbnails/Screenshot_5.png","width":159,"height":250}},{"id":"user-image-Screenshot_6.png","publicUrl":"np://user.desktop.nicepage.com/Site_48799373/images/Screenshot_6.png","size":79777,"fileName":"Screenshot_6.png","name":"Screenshot_6","width":297,"height":465,"thumbnail":{"url":"np://user.desktop.nicepage.com/Site_48799373/images/thumbnails/Screenshot_6.png","width":160,"height":250}},{"id":"user-image-Screenshot_7.png","publicUrl":"np://user.desktop.nicepage.com/Site_48799373/images/Screenshot_7.png","size":62262,"fileName":"Screenshot_7.png","name":"Screenshot_7","width":292,"height":232,"thumbnail":{"url":"np://user.desktop.nicepage.com/Site_48799373/images/thumbnails/Screenshot_7.png","width":250,"height":199}},{"id":"user-image-Screenshot_8.png","publicUrl":"np://user.desktop.nicepage.com/Site_48799373/images/Screenshot_8.png","size":96479,"fileName":"Screenshot_8.png","name":"Screenshot_8","width":291,"height":233,"thumbnail":{"url":"np://user.desktop.nicepage.com/Site_48799373/images/thumbnails/Screenshot_8.png","width":250,"height":200}},{"id":"user-image-Screenshot_9.png","publicUrl":"np://user.desktop.nicepage.com/Site_48799373/images/Screenshot_9.png","size":97300,"fileName":"Screenshot_9.png","name":"Screenshot_9","width":297,"height":232,"thumbnail":{"url":"np://user.desktop.nicepage.com/Site_48799373/images/thumbnails/Screenshot_9.png","width":250,"height":195}},{"id":"user-image-Screenshot_10.png","publicUrl":"np://user.desktop.nicepage.com/Site_48799373/images/Screenshot_10.png","size":41654,"fileName":"Screenshot_10.png","name":"Screenshot_10","width":295,"height":234,"thumbnail":{"url":"np://user.desktop.nicepage.com/Site_48799373/images/thumbnails/Screenshot_10.png","width":250,"height":198}}]
